{
  "images" : [
    {
      "filename" : "iPadSettings29x29@2x.png",
      "idiom" : "iphone",
      "scale" : "2x",
      "size" : "29x29"
    },
    {
      "filename" : "iPhoneSettings29x29@3x.png",
      "idiom" : "iphone",
      "scale" : "3x",
      "size" : "29x29"
    },
    {
      "filename" : "Messages60x45@2x.png",
      "idiom" : "iphone",
      "scale" : "2x",
      "size" : "60x45"
    },
    {
      "filename" : "Messages60x45@3x.png",
      "idiom" : "iphone",
      "scale" : "3x",
      "size" : "60x45"
    },
    {
      "filename" : "iPadSettings29x29@2x-1.png",
      "idiom" : "ipad",
      "scale" : "2x",
      "size" : "29x29"
    },
    {
      "filename" : "Messages67x50@2x.png",
      "idiom" : "ipad",
      "scale" : "2x",
      "size" : "67x50"
    },
    {
      "filename" : "Messages74x55@2x.png",
      "idiom" : "ipad",
      "scale" : "2x",
      "size" : "74x55"
    },
    {
      "filename" : "AppStore.png",
      "idiom" : "ios-marketing",
      "scale" : "1x",
      "size" : "1024x1024"
    },
    {
      "filename" : "Messages27x20@2x.png",
      "idiom" : "universal",
      "platform" : "ios",
      "scale" : "2x",
      "size" : "27x20"
    },
    {
      "filename" : "Messages27x20@3x.png",
      "idiom" : "universal",
      "platform" : "ios",
      "scale" : "3x",
      "size" : "27x20"
    },
    {
      "filename" : "Messages32x24@2x.png",
      "idiom" : "universal",
      "platform" : "ios",
      "scale" : "2x",
      "size" : "32x24"
    },
    {
      "filename" : "Messages32x24@3x.png",
      "idiom" : "universal",
      "platform" : "ios",
      "scale" : "3x",
      "size" : "32x24"
    },
    {
      "filename" : "Messages1024x768.png",
      "idiom" : "ios-marketing",
      "platform" : "ios",
      "scale" : "1x",
      "size" : "1024x768"
    }
  ],
  "info" : {
    "author" : "xcode",
    "version" : 1
  }
}
